<modification>
	<id>Product Password - OpenCart 2.x core file modifications</id>
	<version>1.1.0.1</version>
	<vqmver>1.1.0</vqmver>
	<author>yolanda_txw@hotmail.com</author>
		
	<file name="catalog/controller/product/search.php">
		<operation>
			<search position="before" index="2"><![CDATA[$url = '';]]></search>
	<add><![CDATA[
	/*sunflowerbiz start*/
		if(isset($_SESSION['use_product_password'])){
			$newp=array();
			if(!isset($_SESSION['passed_product'])) $_SESSION['passed_product']=array();
			foreach($data['products'] as $k=>$sp){
				$newpid = $sp['product_id'];
				$protected = true;
				$pquery = $this->db->query("SELECT product_id,password FROM " . DB_PREFIX . "product_password WHERE product_id = '" . $newpid . "'");
				
				foreach($pquery->rows as $caterow){
					if($caterow['password']=='' || in_array($caterow['product_id'],$_SESSION['passed_product'])){
					$protected = false;
					break;
					}
					
				}
				if(!$protected)
				$newp[$k]=$sp;
			}
			$data['products'] = $newp;
				
		}
	/*sunflowerbiz end*/
	]]></add>
		</operation>
		
	</file>
	
	<file name="catalog/controller/product/product.php">
		<operation>
			<search position="after" ><![CDATA[$product_info = $this->model_catalog_product->getProduct($product_id);]]></search>
	<add><![CDATA[
		/*sunflowerbiz start*/
		if(isset($_SESSION['use_product_password'])){
		
		$newpid = $product_id;
				$protected = true;
				$product_password = '';	
				$pquery3 = $this->db->query("SELECT product_id,password FROM " . DB_PREFIX . "product_password WHERE product_id = '" . $newpid . "'");
				$categ = $pquery3->rows ;
				if(is_array($categ) && sizeof($categ)>0){
				foreach($categ as $caterow)
				$product_password=$caterow['password'];
				}
			
				$pqueryl = $this->db->query("SELECT directory FROM " . DB_PREFIX . "language  WHERE code = '" . (isset($_SESSION['default']['language'])?$_SESSION['default']['language']:'en') . "'");
			$lan = $pqueryl->row['directory'];
			require('catalog/language/'.$lan.'/module/product_password.php');
			
			if(!isset($_SESSION['passed_product'])) $_SESSION['passed_product']=array();
			
			if(isset($this->request->post['product_pass']) && $this->request->post['product_pass']==$product_password){
			$_SESSION['passed_product'][]=$product_id;
			header("Location:index.php?route=product/product&product_id=".$product_id);exit();
			}
			$error_msg='';
			if(isset($this->request->post['product_pass']) && $this->request->post['product_pass']!=$product_password) $error_msg=$_['product_password_error'];
			
			
				
				if(is_array($categ) && sizeof($categ)>0){
				foreach($categ as $caterow){
				$product_password=$caterow['password'];
					if($product_password=='' || in_array($caterow['product_id'],$_SESSION['passed_product']))
					$protected = false;
					
					}
				}else
				$protected = false;
				
				
				
				if($protected){
				$product_name=$product_info['name'];
					unset($product_info);
					$product_info =0;
					
				}
					
		}
	/*sunflowerbiz end*/
	]]></add>
		</operation>
		
		
		<operation>
			<search position="after" ><![CDATA[$data['text_error'] = $this->language->get('text_error');]]></search>
	<add><![CDATA[
			/*sunflowerbiz start*/
		if(isset($_SESSION['use_product_password'])){
				if($protected){
			unset($data['breadcrumbs'][sizeof($data['breadcrumbs'])-1]);
			$data['heading_title'] = $product_name;
			$data['text_error'] ='<div style="text-align:center">'.$_['product_password_enter'].'
										<form  method="post">
											<br><input type="text" name="product_pass">
											<br><input type="submit" value="'.$_['product_password_submit'].'" >
											<br>'.$error_msg.'
											</form>
											</div>';	
		
				
			} 
		}
	/*sunflowerbiz end*/
	]]></add>
		</operation>
		
		
	</file>
	
	
	<file name="system/startup.php">
		<operation>
			<search position="replace"><![CDATA[// Helper]]></search>
	<add><![CDATA[
// Helper

$db3 = new DB(DB_DRIVER, DB_HOSTNAME, DB_USERNAME, DB_PASSWORD, DB_DATABASE);
// Settings
 $sql = "SELECT * FROM " . DB_PREFIX . "setting where `key` = ('product_password')";
$query3 = $db3->query($sql);
 	$cps = 0;
foreach ($query3->rows as $setting) {
	if( $setting['key']=='product_password')
	$cps =  $setting['value'];
	
}
if(!isset($_SESSION))
session_start();

if($cps)
$_SESSION['use_product_password'] = $cps;
else
unset($_SESSION['use_product_password']);


]]></add>
		</operation>
		
	</file>
	
	<file name="admin/controller/catalog/product.php">
	<operation>
			<search position="before"><![CDATA[$this->response->setOutput($this->load->view('catalog/product_form.tpl', $data));]]></search>
	<add><![CDATA[
			$data['db'] = $this->db;
		]]></add>
		</operation>
	</file>

	<file name="catalog/controller/product/category.php">
	
		<operation>
			<search position="after" ><![CDATA[$data['header'] = $this->load->controller('common/header');]]></search>
	<add><![CDATA[
		$data['db'] = $this->db;	
		$data['placeholdimage'] = $this->model_tool_image->resize('placeholder.png', $this->config->get('config_image_product_width'), $this->config->get('config_image_product_height'));	
	]]></add>
		</operation>
	
	</file>
	
	<file name="admin/model/catalog/product.php">
	
		<operation>
			<search position="after" index="2"><![CDATA[$this->db->query("DELETE FROM " . DB_PREFIX . "product_to_layout WHERE product_id = '" . (int)$product_id . "'");]]></search>
	<add><![CDATA[
		$this->db->query("DELETE FROM " . DB_PREFIX . "product_password WHERE product_id = '" . (int)$product_id . "'");
	]]></add>
		</operation>
		
		<operation>
			<search position="replace" ><![CDATA[if (isset($data['product_category'])) {]]></search>
	<add><![CDATA[
	//sunflowerbiz start
		if (isset($data['product_password'])) {
		$this->db->query("DELETE FROM " . DB_PREFIX . "product_password WHERE product_id = '" . (int)$product_id . "'");
		$this->db->query("INSERT INTO " . DB_PREFIX . "product_password SET product_id = '" . (int)$product_id . "', password = '" . $data['product_password'] . "'");
		}
	//sunflowerbiz end	
		
		if (isset($data['product_category'])) {
	]]></add>
		</operation>
	
		
	</file>
	
	<file name="admin/view/template/catalog/product_form.tpl">
	
		<operation>
			<search position="replace"><![CDATA[<li><a href="#tab-design" data-toggle="tab"><?php echo $tab_design; ?></a></li>]]></search>
			<add><![CDATA[
			<li><a href="#tab-design" data-toggle="tab"><?php echo $tab_design; ?></a></li>
			<!--sunflowerbiz start--> 
			<li><a href="#tab-product-password" data-toggle="tab"><?php echo 'Password'; ?></a></li>
			<!--sunflowerbiz end--> 
			]]></add>
		</operation>
		
		<operation>
			<search position="before"><![CDATA[<div class="tab-pane" id="tab-design">]]></search>
	<add><![CDATA[<td>
			  	<!--sunflowerbiz start--> 
			 <div id="tab-product-password"  class="tab-pane">
         <div class="table-responsive">
          <table class="list table table-striped table-bordered table-hover">
            <tbody>
              <tr>
			  <td><?php echo 'Password:';
		$product_password = '';
			  if(isset($_GET['product_id'])){
		 $pquery = $db->query("SELECT password FROM " . DB_PREFIX . "product_password  WHERE product_id = '" . (int)$_GET['product_id'] . "'");
		if ($pquery->num_rows) {
		$product_password = $pquery->row['password'];
			}
		}
		?>
			  </td>
                
				<td><input type="text" name="product_password" value="<?php echo $product_password; ?>" /></td>
			  </td>
			   
              </tr>
            </tbody>
            <?php ?>
          </table>
		  </div>
        </div>
			  	<!--sunflowerbiz end--> 
				]]></add>
		</operation>
		
		
		
	</file>
	
	
	
	<file name="catalog/view/theme/*/template/product/category.tpl">
	
		<operation>
			<search position="replace"><![CDATA[<?php foreach ($products as $product) { ?>]]></search>
			<add><![CDATA[
			<?php foreach ($products as $product) {
				if(isset($_SESSION['use_product_password'])){
		
		$newpid = $product['product_id'];
				$protected = true;
				$product_password = '';	
				$pquery3 = $db->query("SELECT product_id,password FROM " . DB_PREFIX . "product_password WHERE product_id = '" . $newpid . "'");
				$categ = $pquery3->rows ;
				if(is_array($categ) && sizeof($categ)>0){
				foreach($categ as $caterow)
				$product_password=$caterow['password'];
				}
	
			if(!isset($_SESSION['passed_product'])) $_SESSION['passed_product']=array();
		
				if(is_array($categ) && sizeof($categ)>0){
				foreach($categ as $caterow){
				$product_password=$caterow['password'];
					if($product_password=='' || in_array($caterow['product_id'],$_SESSION['passed_product']))
					$protected = false;
					
					}
				}else
				$protected = false;
				
				
				if($protected){
					$product['thumb']=$placeholdimage;
					$product['price']=false;
					$product['description']='';
				}
					
		}
			 ?>
			]]></add>
		</operation>
		
		<operation>
			<search position="replace"><![CDATA[<button type="button" onclick="cart.add('<?php echo $product['product_id']; ?>');"><i class="fa fa-shopping-cart"></i> <span class="hidden-xs hidden-sm hidden-md"><?php echo $button_cart; ?></span></button>]]></search>
		
	<add><![CDATA[
	<button type="button" onclick="<?php
			/*sunflowerbiz start*/
		if(isset($_SESSION['use_product_password'])){
				if($protected){
					echo 'location.href=\'index.php?route=product/product&product_id='.$newpid.'\';return false;';
				}
		} ?>cart.add('<?php echo $product['product_id']; ?>');"><i class="fa fa-shopping-cart"></i> <span class="hidden-xs hidden-sm hidden-md"><?php echo $button_cart; ?></span></button>
				]]></add>
		</operation>
		
		
	</file>
	
	<file name="catalog/view/theme/*/template/module/latest.tpl">
		<operation>
			<search position="replace"><![CDATA[<?php foreach ($products as $product) { ?>]]></search>
			<add><![CDATA[
			<?php foreach ($products as $product) {
				if(isset($_SESSION['use_product_password'])){
		
		$newpid = $product['product_id'];
				$protected = true;
				$product_password = '';	
				$pquery3 = $db->query("SELECT product_id,password FROM " . DB_PREFIX . "product_password WHERE product_id = '" . $newpid . "'");
				$categ = $pquery3->rows ;
				if(is_array($categ) && sizeof($categ)>0){
				foreach($categ as $caterow)
				$product_password=$caterow['password'];
				}
	
			if(!isset($_SESSION['passed_product'])) $_SESSION['passed_product']=array();
		
				if(is_array($categ) && sizeof($categ)>0){
				foreach($categ as $caterow){
				$product_password=$caterow['password'];
					if($product_password=='' || in_array($caterow['product_id'],$_SESSION['passed_product']))
					$protected = false;
					
					}
				}else
				$protected = false;
				
				
				if($protected){
					$product['thumb']=$placeholdimage;
					$product['price']=false;
					$product['description']='';
				}
					
		}
			 ?>
			]]></add>
		</operation>
		
		<operation>
			<search position="replace"><![CDATA[<button type="button" onclick="cart.add('<?php echo $product['product_id']; ?>');"><i class="fa fa-shopping-cart"></i> <span class="hidden-xs hidden-sm hidden-md"><?php echo $button_cart; ?></span></button>]]></search>
		
	<add><![CDATA[
	<button type="button" onclick="<?php
			/*sunflowerbiz start*/
		if(isset($_SESSION['use_product_password'])){
				if($protected){
					echo 'location.href=\'index.php?route=product/product&product_id='.$newpid.'\';return false;';
				}
		} ?>cart.add('<?php echo $product['product_id']; ?>');"><i class="fa fa-shopping-cart"></i> <span class="hidden-xs hidden-sm hidden-md"><?php echo $button_cart; ?></span></button>
				]]></add>
		</operation>
		
		
		
		
	</file>
	
</modification>
