<modification>
	<id>Category Password - OpenCart 2.x core file modifications</id>
	<version>1.1.0</version>
	<vqmver>1.1.0</vqmver>
	<author>yolanda_txw@hotmail.com</author>
		
	<file name="catalog/controller/module/latest.php">
		<operation>
			<search position="replace" ><![CDATA[$data['products'][] = array(]]></search>
	<add><![CDATA[
	/*sunflowerbiz start*/
	$protected=false;
		if(isset($_SESSION['use_category_password'])){
			$newp=array();
			if(!isset($_SESSION['passed_category'])) $_SESSION['passed_category']=array();
			
				$newpid = $result['product_id'];
				$protected = true;
				$pquery = $this->db->query("SELECT p2c.category_id,cp.password FROM " . DB_PREFIX . "product_to_category p2c left join " . DB_PREFIX . "category_password cp on cp.category_id=p2c.category_id WHERE p2c.product_id = '" . $newpid . "'");
				foreach($pquery->rows as $caterow){
					if($caterow['password']=='' || in_array($caterow['category_id'],$_SESSION['passed_category'])){
					$protected = false;
					break;
					}
				}
		}
		if(!$protected)
		$data['products'][] = array(
	/*sunflowerbiz end*/
	]]></add>
		</operation>
		
	</file>
	
	<file name="catalog/controller/product/manufacturer.php">
		<operation>
			<search position="replace" ><![CDATA[$data['products'][] = array(]]></search>
	<add><![CDATA[
	/*sunflowerbiz start*/
	$protected=false;
		if(isset($_SESSION['use_category_password'])){
			$newp=array();
			if(!isset($_SESSION['passed_category'])) $_SESSION['passed_category']=array();
			
				$newpid = $result['product_id'];
				$protected = true;
				$pquery = $this->db->query("SELECT p2c.category_id,cp.password FROM " . DB_PREFIX . "product_to_category p2c left join " . DB_PREFIX . "category_password cp on cp.category_id=p2c.category_id WHERE p2c.product_id = '" . $newpid . "'");
				foreach($pquery->rows as $caterow){
					if($caterow['password']=='' || in_array($caterow['category_id'],$_SESSION['passed_category'])){
					$protected = false;
					break;
					}
				}
		}
		if(!$protected)
		$data['products'][] = array(
	/*sunflowerbiz end*/
	]]></add>
		</operation>
		
	</file>
		
	<file name="catalog/controller/product/search.php">
		<operation>
			<search position="before" index="2"><![CDATA[$url = '';]]></search>
	<add><![CDATA[
	/*sunflowerbiz start*/
		if(isset($_SESSION['use_category_password'])){
			$newp=array();
			if(!isset($_SESSION['passed_category'])) $_SESSION['passed_category']=array();
			foreach($data['products'] as $k=>$sp){
				$newpid = $sp['product_id'];
				$protected = true;
				$pquery = $this->db->query("SELECT p2c.category_id,cp.password FROM " . DB_PREFIX . "product_to_category p2c left join " . DB_PREFIX . "category_password cp on cp.category_id=p2c.category_id WHERE p2c.product_id = '" . $newpid . "'");
				
				foreach($pquery->rows as $caterow){
					if($caterow['password']=='' || in_array($caterow['category_id'],$_SESSION['passed_category'])){
					$protected = false;
					break;
					}
					
				}
				if(!$protected)
				$newp[$k]=$sp;
			}
			$data['products'] = $newp;
				
		}
	/*sunflowerbiz end*/
	]]></add>
		</operation>
		
	</file>
	
	<file name="catalog/controller/product/product.php">
		<operation>
			<search position="before" index="1"><![CDATA[$this->load->model('catalog/product');]]></search>
	<add><![CDATA[
	/*sunflowerbiz start*/
		if(isset($_SESSION['use_category_password'])){
			if(!isset($_SESSION['passed_category'])) $_SESSION['passed_category']=array();
			
				$newpid = $product_id;
				$protected = true;
				$pquery = $this->db->query("SELECT p2c.category_id,cp.password FROM " . DB_PREFIX . "product_to_category p2c left join " . DB_PREFIX . "category_password cp on cp.category_id=p2c.category_id WHERE p2c.product_id = '" . $newpid . "'");
				$categ = $pquery->rows ;
				foreach($categ as $caterow){
					if($caterow['password']=='' || in_array($caterow['category_id'],$_SESSION['passed_category'])){
					$protected = false;
					break;
					}
					
				}
				if($protected){
					foreach($categ as $caterow){
					if($caterow['password']!='' && !in_array($caterow['category_id'],$_SESSION['passed_category'])){
					header("Location:index.php?route=product/category&path=".$caterow['category_id']);
					break;
					}
					
					}
				} 
			
		
				
		}
	/*sunflowerbiz end*/
	]]></add>
		</operation>
		
	</file>
	
	<file name="catalog/controller/product/category.php">
		<operation>
			<search position="after" index="1"><![CDATA[$data['header'] = $this->load->controller('common/header');]]></search>
	<add><![CDATA[
	
		/*sunflowerbiz start*/
				if(isset($_SESSION['use_category_password'])){
			$parts = explode('_', (string)$this->request->get['path']);
			$pquery = $this->db->query("SELECT password FROM " . DB_PREFIX . "category_password  WHERE category_id = '" . $category_id . "'");
		if ($pquery->num_rows) {
		$category_password = $pquery->row['password'];
		}else
		$category_password = '';	
		
		$pqueryl = $this->db->query("SELECT directory FROM " . DB_PREFIX . "language  WHERE code = '" . (isset($_SESSION['default']['language'])?$_SESSION['default']['language']:'en')  . "'");
			$lan = $pqueryl->row['directory'];
			require('catalog/language/'.$lan.'/module/category_password.php');
			if(!isset($_SESSION['passed_category'])) $_SESSION['passed_category']=array();
				
			if(isset($this->request->post['category_pass']) && $this->request->post['category_pass']==$category_password) $_SESSION['passed_category'][]=$category_id;
			$error_msg='';
			if(isset($this->request->post['category_pass']) && $this->request->post['category_pass']!=$category_password) $error_msg=$_['category_password_error'];
			
			
			
			if($category_password != '' && !in_array($category_id,$_SESSION['passed_category'])){
			$data['categories']=array();
			$data['products'] = array();
			$data['thumb'] = '';
			$data['description'] = '';
			
			
			
			$data['text_empty'] ='<div style="text-align:center">'.$_['category_password_enter'].'
										<form  method="post">
											<br><input type="text" name="category_pass">
											<br><input class="btn btn-primary" type="submit" value="'.$_['category_password_submit'].'" >
											<br>'.$error_msg.'
											</form>
											</div>';	
				
				}
			}
				/*sunflowerbiz end*/
				
	]]></add>
		</operation>
		
	</file>
	
	<file name="system/startup.php">
		<operation>
			<search position="replace"><![CDATA[// Helper]]></search>
	<add><![CDATA[
// Helper
$db3 = new DB(DB_DRIVER, DB_HOSTNAME, DB_USERNAME, DB_PASSWORD, DB_DATABASE);
// Settings
 $sql = "SELECT * FROM " . DB_PREFIX . "setting where `key` = ('category_password')";
$query3 = $db3->query($sql);
 	$cps = 0;
foreach ($query3->rows as $setting) {
	if( $setting['key']=='category_password')
	$cps =  $setting['value'];
	
}
if(!isset($_SESSION))
session_start();

if($cps)
$_SESSION['use_category_password'] = $cps;
else
unset($_SESSION['use_category_password']);


]]></add>
		</operation>
		
	</file>
	
	
	

	
	<file name="admin/model/catalog/category.php">
	
		
		<operation>
			<search position="after"  ><![CDATA[$this->db->query("DELETE FROM " . DB_PREFIX . "category_to_layout WHERE category_id = '" . (int)$category_id . "'");]]></search>
	<add><![CDATA[
		$this->db->query("DELETE FROM " . DB_PREFIX . "category_password WHERE category_id = '" . (int)$category_id . "'");
	]]></add>
		</operation>
		
		<operation>
			<search position="before"  ><![CDATA[if (isset($data['category_layout'])) {]]></search>
	<add><![CDATA[
		if (isset($data['category_password'])) {
		$this->db->query("INSERT INTO " . DB_PREFIX . "category_password SET category_id = '" . (int)$category_id . "', password = '" . $data['category_password'] . "'");
		}
	]]></add>
		</operation>
	
		
	</file>
	
	
	<file name="admin/controller/catalog/category.php">
		<operation>
			<search position="after"><![CDATA[$data['footer'] = $this->load->controller('common/footer');]]></search>
	<add><![CDATA[
			$data['db'] = $this->db;
		]]></add>
		</operation>
	</file>
	
	
	<file name="admin/view/template/catalog/category_form.tpl">
	
	<operation>
			<search position="replace"><![CDATA[<li><a href="#tab-design" data-toggle="tab"><?php echo $tab_design; ?></a></li>]]></search>
			<add><![CDATA[
			<li><a href="#tab-design" data-toggle="tab"><?php echo $tab_design; ?></a></li>
			<!--sunflowerbiz start--> 
			<li><a href="#tab-category-password" data-toggle="tab"><?php echo 'Password'; ?></a></li>
			<!--sunflowerbiz end--> 
			]]></add>
		</operation>
	
		
		<operation>
			<search position="before"><![CDATA[<div class="tab-pane" id="tab-design">]]></search>
	<add><![CDATA[
			  	<!--sunflowerbiz start--> 
		 <div id="tab-category-password" class="tab-pane">
			 	 <div class="table-responsive">
          <table class="list table table-striped table-bordered table-hover">
            
            
            <tbody>
              <tr>
			  <td><?php echo 'Password:';
		 $pquery = $db->query("SELECT password FROM " . DB_PREFIX . "category_password  WHERE category_id = '" . (int)$_GET['category_id'] . "'");
		if ($pquery->num_rows) {
		$category_password = $pquery->row['password'];
		}else
		$category_password = '';
			 // echo '<pre>';print_r($categories);echo '</pre>'; ?>
			  </td>
                
				<td><input type="text" name="category_password" value="<?php echo $category_password; ?>" /></td>
			  
              </tr>
            </tbody>
            <?php ?>
          </table>
		   </div>
        </div>
			  	<!--sunflowerbiz end--> 
				]]></add>
		</operation>
		
		
		
	</file>
	
	
</modification>
