<?xml version="1.0" encoding="UTF-8"?>
<modification>
	<name>Auto Completar Endereço Brasil</name>
	<code>auto-complete-address-brazil</code>	
	<version>1.3.1</version>
	<author>Ibrahim Brumate</author>
    <link>http://www.opencartbrasil.com.br</link>
	
	<file path="catalog/model/localisation/zone.php">
		<operation>
			<search>
				<![CDATA[public function getZone($zone_id) {]]>
			</search>
			<add position="before">
				<![CDATA[
					public function getZonesByEstado($estado) {
						if(strlen($estado) <= 2){
							$query = $this->db->query("SELECT zone_id FROM " . DB_PREFIX . "zone WHERE country_id = '30' AND code = '".$estado."' AND status = '1' ORDER BY name");
							$zone_id = $query->row['zone_id'];
						}else{
							$zone_id = '';
						}
						return $zone_id;
					}
				]]>
			</add>
		</operation> 
	</file>
	
	<file path="catalog/controller/account/register.php">
		<operation>
			<search>
				<![CDATA[public function customfield() {]]>
			</search>
			<add position="before">
				<![CDATA[
					public function estado_autocompletar() {
						$this->load->model('localisation/zone');
						$code = $this->model_localisation_zone->getZonesByEstado($this->request->get['estado']);
						if ($code != '') {
							$output = $code;
						}else{
							$output = '';
						}
						$this->response->setOutput($output);
					}
				]]>
			</add>
		</operation> 
	</file>
	
	<file path="catalog/view/theme/*/template/{account,affiliate}/register.tpl">
		<operation>
			<search>
				<![CDATA[<?php echo $footer; ?>]]>
			</search>
			<add position="before">
				<![CDATA[
					<script type="text/javascript">
						$(function(){
							$('#input-postcode').blur(function(){
								var cep = $.trim($('#input-postcode').val().replace('-', ''));
				
								$.getJSON("https://viacep.com.br/ws/"+cep+"/json/", function(data) {
									var resultadoCEP = data;
									if(resultadoCEP["logradouro"] != "" && resultadoCEP["logradouro"] != undefined){
										$('#input-address-1').val(unescape(resultadoCEP["logradouro"]));
										$('#input-address-2').val(unescape(resultadoCEP["bairro"]));
										$('#input-city').val(unescape(resultadoCEP["localidade"]));

										$('#input-country').find('option[value="30"]').attr('selected', true);
										$.post('index.php?route=account/register/estado_autocompletar&estado=' + unescape(resultadoCEP['uf']), function(zone_id){
											$.ajax({
												url: 'index.php?route=account/account/country&country_id=30',
												dataType: 'json',
												beforeSend: function() {
													$('#input-country').after('<span class="wait">&nbsp;<img src="catalog/view/theme/default/image/loading.gif" alt="" /></span>');
												},
												complete: function() {
													$('.wait').remove();
												},			
												success: function(json) {
													if (json['postcode_required'] == '1') {
														$('input[name=\'postcode\']').parent().parent().addClass('required');
													} else {
														$('input[name=\'postcode\']').parent().parent().removeClass('required');
													}
			
													var html = '<option value=""><?php echo $text_select; ?></option>';
			
													if (json['zone'] != '') {
														for (i = 0; i < json['zone'].length; i++) {
															html += '<option value="' + json['zone'][i]['zone_id'] + '"';
															
															if (json['zone'][i]['zone_id'] == zone_id) {
																html += ' selected="selected"';
															}
											
															html += '>' + json['zone'][i]['name'] + '</option>';
														}
													} else {
														html += '<option value="0" selected="selected"><?php echo $text_none; ?></option>';
													}
			
													$('#input-zone').html(html);
												}
											});
										});
									} else if (resultadoCEP.erro) {
										$('#input-postcode').val('');
										alert('CEP não encontrado!');
										$('#input-postcode').focus();
									}
								});
							});
						});
						$(document).ready(function() {
							if ($('#input-postcode').val().length==8 || $('#input-postcode').val().length==9) {
								$('#input-postcode').trigger('blur');
							}
						});
					</script>
				]]>
			</add>
		</operation>
		
		<operation>
			<search>
				<![CDATA[<label class="col-sm-2 control-label" for="input-postcode"><?php echo $entry_postcode; ?></label>]]>
			</search>
			<add position="before" offset="1">
				<![CDATA[<!-- ]]>
			</add>
		</operation>
		<operation>
			<search>
				<![CDATA[<label class="col-sm-2 control-label" for="input-country"><?php echo $entry_country; ?></label>]]>
			</search>
			<add position="before" offset="1">
				<![CDATA[ -->]]>
			</add>
		</operation>
		<operation>
			<search>
				<![CDATA[<label class="col-sm-2 control-label" for="input-address-1"><?php echo $entry_address_1; ?></label>]]>
			</search>
			<add position="before" offset="1">
				<![CDATA[
					<div class="form-group required">
						<label class="col-sm-2 control-label" for="input-postcode"><?php echo $entry_postcode; ?></label>
						<div class="col-sm-10">
						  <input type="text" name="postcode" value="<?php echo $postcode; ?>" placeholder="<?php echo $entry_postcode; ?>" id="input-postcode" class="form-control" />
						  <?php if ($error_postcode) { ?>
						  <div class="text-danger"><?php echo $error_postcode; ?></div>
						  <?php } ?>
						</div>
					</div>
				]]>
			</add>
		</operation>
	</file>

	<file path="catalog/view/theme/*/template/account/address_form.tpl">
		<operation>
			<search>
				<![CDATA[<?php echo $footer; ?>]]>
			</search>
			<add position="before">
				<![CDATA[
					<script type="text/javascript">
						$(function(){
							$('#input-postcode').blur(function(){
								var cep = $.trim($('#input-postcode').val().replace('-', ''));
				
								$.getJSON("https://viacep.com.br/ws/"+cep+"/json/", function(data) {
									var resultadoCEP = data;
									if(resultadoCEP["logradouro"] != "" && resultadoCEP["logradouro"] != undefined){
										$('#input-address-1').val(unescape(resultadoCEP["logradouro"]));
										$('#input-address-2').val(unescape(resultadoCEP["bairro"]));
										$('#input-city').val(unescape(resultadoCEP["localidade"]));

										$('#input-country').find('option[value="30"]').attr('selected', true);
										$.post('index.php?route=account/register/estado_autocompletar&estado=' + unescape(resultadoCEP['uf']), function(zone_id){
											$.ajax({
												url: 'index.php?route=account/account/country&country_id=30',
												dataType: 'json',
												beforeSend: function() {
													$('#input-country').after('<span class="wait">&nbsp;<img src="catalog/view/theme/default/image/loading.gif" alt="" /></span>');
												},
												complete: function() {
													$('.wait').remove();
												},			
												success: function(json) {
													if (json['postcode_required'] == '1') {
														$('input[name=\'postcode\']').parent().parent().addClass('required');
													} else {
														$('input[name=\'postcode\']').parent().parent().removeClass('required');
													}
			
													var html = '<option value=""><?php echo $text_select; ?></option>';
			
													if (json['zone'] != '') {
														for (i = 0; i < json['zone'].length; i++) {
															html += '<option value="' + json['zone'][i]['zone_id'] + '"';
															
															if (json['zone'][i]['zone_id'] == zone_id) {
																html += ' selected="selected"';
															}
											
															html += '>' + json['zone'][i]['name'] + '</option>';
														}
													} else {
														html += '<option value="0" selected="selected"><?php echo $text_none; ?></option>';
													}
			
													$('#input-zone').html(html);
												}
											});
										});
									} else if (resultadoCEP.erro) {
										$('#input-postcode').val('');
										alert('CEP não encontrado!');
										$('#input-postcode').focus();
									}
								});
							});
						});
					</script>
				]]>
			</add>
		</operation>
		
		<operation>
			<search>
				<![CDATA[<label class="col-sm-2 control-label" for="input-postcode"><?php echo $entry_postcode; ?></label>]]>
			</search>
			<add position="before" offset="1">
				<![CDATA[<!-- ]]>
			</add>
		</operation>
		<operation>
			<search>
				<![CDATA[<label class="col-sm-2 control-label" for="input-country"><?php echo $entry_country; ?></label>]]>
			</search>
			<add position="before" offset="1">
				<![CDATA[ -->]]>
			</add>
		</operation>
		<operation>
			<search>
				<![CDATA[<label class="col-sm-2 control-label" for="input-address-1"><?php echo $entry_address_1; ?></label>]]>
			</search>
			<add position="before" offset="1">
				<![CDATA[
					<div class="form-group required">
						<label class="col-sm-2 control-label" for="input-postcode"><?php echo $entry_postcode; ?></label>
						<div class="col-sm-10">
						  <input type="text" name="postcode" value="<?php echo $postcode; ?>" placeholder="<?php echo $entry_postcode; ?>" id="input-postcode" class="form-control" />
						  <?php if ($error_postcode) { ?>
						  <div class="text-danger"><?php echo $error_postcode; ?></div>
						  <?php } ?>
						</div>
					</div>
				]]>
			</add>
		</operation>
	</file>

	<file path="catalog/view/theme/*/template/affiliate/edit.tpl">
		<operation>
			<search>
				<![CDATA[<?php echo $footer; ?>]]>
			</search>
			<add position="before">
				<![CDATA[
					<script type="text/javascript">
						$(function(){
							$('#input-postcode').blur(function(){
								var cep = $.trim($('#input-postcode').val().replace('-', ''));
				
								$.getJSON("https://viacep.com.br/ws/"+cep+"/json/", function(data) {
									var resultadoCEP = data;
									if(resultadoCEP["logradouro"] != "" && resultadoCEP["logradouro"] != undefined){
										$('#input-address-1').val(unescape(resultadoCEP["logradouro"]));
										$('#input-address-2').val(unescape(resultadoCEP["bairro"]));
										$('#input-city').val(unescape(resultadoCEP["localidade"]));

										$('#input-country').find('option[value="30"]').attr('selected', true);
										$.post('index.php?route=account/register/estado_autocompletar&estado=' + unescape(resultadoCEP['uf']), function(zone_id){
											$.ajax({
												url: 'index.php?route=account/account/country&country_id=30',
												dataType: 'json',
												beforeSend: function() {
													$('#input-country').after('<span class="wait">&nbsp;<img src="catalog/view/theme/default/image/loading.gif" alt="" /></span>');
												},
												complete: function() {
													$('.wait').remove();
												},			
												success: function(json) {
													if (json['postcode_required'] == '1') {
														$('input[name=\'postcode\']').parent().parent().addClass('required');
													} else {
														$('input[name=\'postcode\']').parent().parent().removeClass('required');
													}
			
													var html = '<option value=""><?php echo $text_select; ?></option>';
			
													if (json['zone'] != '') {
														for (i = 0; i < json['zone'].length; i++) {
															html += '<option value="' + json['zone'][i]['zone_id'] + '"';
															
															if (json['zone'][i]['zone_id'] == zone_id) {
																html += ' selected="selected"';
															}
											
															html += '>' + json['zone'][i]['name'] + '</option>';
														}
													} else {
														html += '<option value="0" selected="selected"><?php echo $text_none; ?></option>';
													}
			
													$('#input-zone').html(html);
												}
											});
										});
									} else if (resultadoCEP.erro) {
										$('#input-postcode').val('');
										alert('CEP não encontrado!');
										$('#input-postcode').focus();
									}
								});
							});
						});
					</script>
				]]>
			</add>
		</operation>
		
		<operation>
			<search>
				<![CDATA[<label class="col-sm-2 control-label" for="input-postcode"><?php echo $entry_postcode; ?></label>]]>
			</search>
			<add position="before" offset="1">
				<![CDATA[<!-- ]]>
			</add>
		</operation>
		<operation>
			<search>
				<![CDATA[<label class="col-sm-2 control-label" for="input-country"><?php echo $entry_country; ?></label>]]>
			</search>
			<add position="before" offset="1">
				<![CDATA[ -->]]>
			</add>
		</operation>
		<operation>
			<search>
				<![CDATA[<label class="col-sm-2 control-label" for="input-address-1"><?php echo $entry_address_1; ?></label>]]>
			</search>
			<add position="before" offset="1">
				<![CDATA[
					<div class="form-group required">
						<label class="col-sm-2 control-label" for="input-postcode"><?php echo $entry_postcode; ?></label>
						<div class="col-sm-10">
						  <input type="text" name="postcode" value="<?php echo $postcode; ?>" placeholder="<?php echo $entry_postcode; ?>" id="input-postcode" class="form-control" />
						  <?php if ($error_postcode) { ?>
						  <div class="text-danger"><?php echo $error_postcode; ?></div>
						  <?php } ?>
						</div>
					</div>
				]]>
			</add>
		</operation>
	</file>

	<file path="catalog/view/theme/*/template/checkout/{register,guest}.tpl">
		<operation>
			<search>
				<![CDATA[$('#collapse-payment-address select[name=\'country_id\']').trigger('change');]]>
			</search>
			<add position="after" offset="1">
				<![CDATA[
					<script type="text/javascript">
						$(function(){
							$('#input-payment-postcode').blur(function(){
								var cep = $.trim($('#input-payment-postcode').val().replace('-', ''));
				
								$.getJSON("https://viacep.com.br/ws/"+cep+"/json/", function(data) {
									var resultadoCEP = data;
									if(resultadoCEP["logradouro"] != "" && resultadoCEP["logradouro"] != undefined){
										$('#input-payment-address-1').val(unescape(resultadoCEP["logradouro"]));
										$('#input-payment-address-2').val(unescape(resultadoCEP["bairro"]));
										$('#input-payment-city').val(unescape(resultadoCEP["localidade"]));

										$('#input-payment-country').find('option[value="30"]').attr('selected', true);
										$.post('index.php?route=account/register/estado_autocompletar&estado=' + unescape(resultadoCEP['uf']), function(zone_id){
											$.ajax({
												url: 'index.php?route=account/account/country&country_id=30',
												dataType: 'json',
												beforeSend: function() {
													$('#input-payment-country').after('<span class="wait">&nbsp;<img src="catalog/view/theme/default/image/loading.gif" alt="" /></span>');
												},
												complete: function() {
													$('.wait').remove();
												},			
												success: function(json) {
													if (json['postcode_required'] == '1') {
														$('#collapse-payment-address input[name=\'postcode\']').parent().parent().addClass('required');
													} else {
														$('#collapse-payment-address input[name=\'postcode\']').parent().parent().removeClass('required');
													}
			
													var html = '<option value=""><?php echo $text_select; ?></option>';
			
													if (json['zone'] != '') {
														for (i = 0; i < json['zone'].length; i++) {
															html += '<option value="' + json['zone'][i]['zone_id'] + '"';
															
															if (json['zone'][i]['zone_id'] == zone_id) {
																html += ' selected="selected"';
															}
											
															html += '>' + json['zone'][i]['name'] + '</option>';
														}
													} else {
														html += '<option value="0" selected="selected"><?php echo $text_none; ?></option>';
													}
			
													$('#input-payment-zone').html(html);
												}
											});
										});
									} else if (resultadoCEP.erro) {
										$('#input-payment-postcode').val('');
										alert('CEP não encontrado!');
										$('#input-payment-postcode').focus();
									}
								});
							});
						});
						$(document).ready(function() {
							if ($('#input-payment-postcode').val().length==8 || $('#input-payment-postcode').val().length==9) {
								$('#input-payment-postcode').trigger('blur');
							}
						});
					</script>
				]]>
			</add>
		</operation>

		<operation>
			<search>
				<![CDATA[<label class="control-label" for="input-payment-postcode"><?php echo $entry_postcode; ?></label>]]>
			</search>
			<add position="before" offset="1">
				<![CDATA[<!-- ]]>
			</add>
		</operation>
		<operation>
			<search>
				<![CDATA[<label class="control-label" for="input-payment-country"><?php echo $entry_country; ?></label>]]>
			</search>
			<add position="before" offset="1">
				<![CDATA[ -->]]>
			</add>
		</operation>
		<operation>
			<search>
				<![CDATA[<label class="control-label" for="input-payment-address-1"><?php echo $entry_address_1; ?></label>]]>
			</search>
			<add position="before" offset="1">
				<![CDATA[
					<div class="form-group required">
						<label class="control-label" for="input-payment-postcode"><?php echo $entry_postcode; ?></label>
						<input type="text" name="postcode" value="<?php echo $postcode; ?>" placeholder="<?php echo $entry_postcode; ?>" id="input-payment-postcode" class="form-control" />
					</div>
				]]>
			</add>
		</operation>
	</file>

	<file path="catalog/view/theme/*/template/checkout/payment_address.tpl">
		<operation>
			<search>
				<![CDATA[$('#collapse-payment-address select[name=\'country_id\']').trigger('change');]]>
			</search>
			<add position="after" offset="1">
				<![CDATA[
					<script type="text/javascript">
						$(function(){
							$('#input-payment-postcode').blur(function(){
								var cep = $.trim($('#input-payment-postcode').val().replace('-', ''));
				
								$.getJSON("https://viacep.com.br/ws/"+cep+"/json/", function(data) {
									var resultadoCEP = data;
									if(resultadoCEP["logradouro"] != "" && resultadoCEP["logradouro"] != undefined){
										$('#input-payment-address-1').val(unescape(resultadoCEP["logradouro"]));
										$('#input-payment-address-2').val(unescape(resultadoCEP["bairro"]));
										$('#input-payment-city').val(unescape(resultadoCEP["localidade"]));

										$('#input-payment-country').find('option[value="30"]').attr('selected', true);
										$.post('index.php?route=account/register/estado_autocompletar&estado=' + unescape(resultadoCEP['uf']), function(zone_id){
											$.ajax({
												url: 'index.php?route=account/account/country&country_id=30',
												dataType: 'json',
												beforeSend: function() {
													$('#input-payment-country').after('<span class="wait">&nbsp;<img src="catalog/view/theme/default/image/loading.gif" alt="" /></span>');
												},
												complete: function() {
													$('.wait').remove();
												},			
												success: function(json) {
													if (json['postcode_required'] == '1') {
														$('#collapse-payment-address input[name=\'postcode\']').parent().parent().addClass('required');
													} else {
														$('#collapse-payment-address input[name=\'postcode\']').parent().parent().removeClass('required');
													}
			
													var html = '<option value=""><?php echo $text_select; ?></option>';
			
													if (json['zone'] != '') {
														for (i = 0; i < json['zone'].length; i++) {
															html += '<option value="' + json['zone'][i]['zone_id'] + '"';
															
															if (json['zone'][i]['zone_id'] == zone_id) {
																html += ' selected="selected"';
															}
											
															html += '>' + json['zone'][i]['name'] + '</option>';
														}
													} else {
														html += '<option value="0" selected="selected"><?php echo $text_none; ?></option>';
													}
			
													$('#input-payment-zone').html(html);
												}
											});
										});
									} else if (resultadoCEP.erro) {
										$('#input-payment-postcode').val('');
										alert('CEP não encontrado!');
										$('#input-payment-postcode').focus();
									}
								});
							});
						});
						$(document).ready(function() {
							if ($('#input-payment-postcode').val().length==8 || $('#input-payment-postcode').val().length==9) {
								$('#input-payment-postcode').trigger('blur');
							}
						});
					</script>
				]]>
			</add>
		</operation>

		<operation>
			<search>
				<![CDATA[<label class="col-sm-2 control-label" for="input-payment-postcode"><?php echo $entry_postcode; ?></label>]]>
			</search>
			<add position="before" offset="1">
				<![CDATA[<!-- ]]>
			</add>
		</operation>
		<operation>
			<search>
				<![CDATA[<label class="col-sm-2 control-label" for="input-payment-country"><?php echo $entry_country; ?></label>]]>
			</search>
			<add position="before" offset="1">
				<![CDATA[ -->]]>
			</add>
		</operation>
		<operation>
			<search>
				<![CDATA[<label class="col-sm-2 control-label" for="input-payment-address-1"><?php echo $entry_address_1; ?></label>]]>
			</search>
			<add position="before" offset="1">
				<![CDATA[
					<div class="form-group required">
				      <label class="col-sm-2 control-label" for="input-payment-postcode"><?php echo $entry_postcode; ?></label>
				      <div class="col-sm-10">
				        <input type="text" name="postcode" value="" placeholder="<?php echo $entry_postcode; ?>" id="input-payment-postcode" class="form-control" />
				      </div>
				    </div>
				]]>
			</add>
		</operation>
	</file>

	<file path="catalog/view/theme/*/template/checkout/{guest_shipping,shipping_address}.tpl">
		<operation>
			<search>
				<![CDATA[$('#collapse-shipping-address select[name=\'country_id\']').trigger('change');]]>
			</search>
			<add position="after" offset="1">
				<![CDATA[
					<script type="text/javascript">
						$(function(){
							$('#input-shipping-postcode').blur(function(){
								var cep = $.trim($('#input-shipping-postcode').val().replace('-', ''));
				
								$.getJSON("https://viacep.com.br/ws/"+cep+"/json/", function(data) {
									var resultadoCEP = data;
									if(resultadoCEP["logradouro"] != "" && resultadoCEP["logradouro"] != undefined){
										$('#input-shipping-address-1').val(unescape(resultadoCEP["logradouro"]));
										$('#input-shipping-address-2').val(unescape(resultadoCEP["bairro"]));
										$('#input-shipping-city').val(unescape(resultadoCEP["localidade"]));

										$('#input-shipping-country').find('option[value="30"]').attr('selected', true);
										$.post('index.php?route=account/register/estado_autocompletar&estado=' + unescape(resultadoCEP['uf']), function(zone_id){
											$.ajax({
												url: 'index.php?route=account/account/country&country_id=30',
												dataType: 'json',
												beforeSend: function() {
													$('#input-shipping-country').after('<span class="wait">&nbsp;<img src="catalog/view/theme/default/image/loading.gif" alt="" /></span>');
												},
												complete: function() {
													$('.wait').remove();
												},			
												success: function(json) {
													if (json['postcode_required'] == '1') {
														$('#collapse-shipping-address input[name=\'postcode\']').parent().parent().addClass('required');
													} else {
														$('#collapse-shipping-address input[name=\'postcode\']').parent().parent().removeClass('required');
													}
			
													var html = '<option value=""><?php echo $text_select; ?></option>';
			
													if (json['zone'] != '') {
														for (i = 0; i < json['zone'].length; i++) {
															html += '<option value="' + json['zone'][i]['zone_id'] + '"';
															
															if (json['zone'][i]['zone_id'] == zone_id) {
																html += ' selected="selected"';
															}
											
															html += '>' + json['zone'][i]['name'] + '</option>';
														}
													} else {
														html += '<option value="0" selected="selected"><?php echo $text_none; ?></option>';
													}
			
													$('#input-shipping-zone').html(html);
												}
											});
										});
									} else if (resultadoCEP.erro) {
										$('#input-shipping-postcode').val('');
										alert('CEP não encontrado!');
										$('#input-shipping-postcode').focus();
									}
								});
							});
						});
						$(document).ready(function() {
							if ($('#input-shipping-postcode').val().length==8 || $('#input-shipping-postcode').val().length==9) {
								$('#input-shipping-postcode').trigger('blur');
							}
						});
					</script>
				]]>
			</add>
		</operation>

		<operation>
			<search>
				<![CDATA[<label class="col-sm-2 control-label" for="input-shipping-postcode"><?php echo $entry_postcode; ?></label>]]>
			</search>
			<add position="before" offset="1">
				<![CDATA[<!-- ]]>
			</add>
		</operation>
		<operation>
			<search>
				<![CDATA[<label class="col-sm-2 control-label" for="input-shipping-country"><?php echo $entry_country; ?></label>]]>
			</search>
			<add position="before" offset="1">
				<![CDATA[ -->]]>
			</add>
		</operation>
		<operation>
			<search>
				<![CDATA[<label class="col-sm-2 control-label" for="input-shipping-address-1"><?php echo $entry_address_1; ?></label>]]>
			</search>
			<add position="before" offset="1">
				<![CDATA[
					<div class="form-group required">
				      <label class="col-sm-2 control-label" for="input-shipping-postcode"><?php echo $entry_postcode; ?></label>
				      <div class="col-sm-10">
				        <input type="text" name="postcode" value="" placeholder="<?php echo $entry_postcode; ?>" id="input-shipping-postcode" class="form-control" />
				      </div>
				    </div>
				]]>
			</add>
		</operation>
	</file>
</modification>